{
  "blocks": {
    "grass_top": [0, 0, 0.015625, 0.015625],
    "grass_side": [0.015625, 0, 0.03125, 0.015625],
    "dirt": [0.03125, 0, 0.046875, 0.015625],
    "stone": [0.046875, 0, 0.0625, 0.015625],
    "log_top": [0.265625, 0.203125, 0.28125, 0.21875],
    "log_side": [0.265625, 0.203125, 0.28125, 0.21875],
    "planks": [0.265625, 0.203125, 0.28125, 0.21875],
    "leaves": [0.484375, 0.25, 0.5, 0.265625],
    "glass": [0.484375, 0.25, 0.5, 0.265625],
    "sand": [0.03125, 0, 0.046875, 0.015625],
    "gravel": [0.046875, 0, 0.0625, 0.015625],
    "water": [0.484375, 0.25, 0.5, 0.265625],
    "bedrock": [0.046875, 0, 0.0625, 0.015625]
  },
  "tileSize": 16,
  "atlasSize": 1024
}
