{
  "blocks": {
    "grass_top": [0, 0, 0.015625, 0.015625],
    "grass_side": [0.015625, 0, 0.03125, 0.015625],
    "dirt": [0.03125, 0, 0.046875, 0.015625],
    "stone": [0.046875, 0, 0.0625, 0.015625],
    "log_top": [0.3125, 0.125, 0.328125, 0.140625],
    "log_side": [0.421875, 0.234375, 0.4375, 0.25],
    "planks": [0.515625, 0.140625, 0.53125, 0.15625],
    "leaves": [0.40625, 0.15625, 0.421875, 0.171875],
    "glass": [0.703125, 0.21875, 0.71875, 0.234375],
    "sand": [0.8125, 0.234375, 0.828125, 0.25],
    "gravel": [0.515625, 0.125, 0.53125, 0.140625],
    "water": [0.953125, 0.015625, 0.96875, 0.03125],
    "bedrock": [0.171875, 0.046875, 0.1875, 0.0625]
  },
  "tileSize": 16,
  "atlasSize": 1024
}
